year,month,country,avg_temp_c,avg_temp_f
2000,2,Canada,-5.14084,22.7465
2000,3,Canada,1.5134,34.7241
2000,4,Canada,4.92344,40.8622
2000,5,Canada,11.29096,52.3237
2000,6,Canada,15.31016,59.5583
2000,7,Canada,17.78056,64.005
2000,8,Canada,17.55724,63.603
2000,9,Canada,13.08,55.544
2000,10,Canada,7.9614,46.3305
2000,11,Canada,0.59364,33.0686
2000,12,Canada,-9.21172,15.4189
2001,1,Canada,-6.02204,21.1603
2001,2,Canada,-7.43468,18.6176
2001,3,Canada,-1.85036,28.6694
2001,4,Canada,5.41168,41.741
2001,5,Canada,12.5686,54.6235
2001,6,Canada,16.21492,61.1869
2001,7,Canada,18.10964,64.5974
2001,8,Canada,19.5176,67.1317
2001,9,Canada,14.2524,57.6543
2001,10,Canada,7.57128,45.6283
2001,11,Canada,3.855,38.939
2001,12,Canada,-2.49776,27.504
2002,1,Canada,-4.81,23.342
2002,2,Canada,-4.22328,24.3981
2002,3,Canada,-3.78544,25.1862
2002,4,Canada,4.47852,40.0613
2002,5,Canada,9.3612,48.8502
2002,6,Canada,16.2198,61.1956
2002,7,Canada,19.74284,67.5371
2002,8,Canada,18.53324,65.3598
2002,9,Canada,15.39532,59.7116
2002,10,Canada,5.45792,41.8243
2002,11,Canada,0.7638,33.3748
2002,12,Canada,-4.03364,24.7394
2003,1,Canada,-9.50568,14.8898
2003,2,Canada,-9.30404,15.2527
2003,3,Canada,-2.80956,26.9428
2003,4,Canada,3.945,39.101
2003,5,Canada,10.90928,51.6367
2003,6,Canada,16.06316,60.9137
2003,7,Canada,18.94172,66.0951
2003,8,Canada,19.35916,66.8465
2003,9,Canada,14.51516,58.1273
2003,10,Canada,7.52328,45.5419
2003,11,Canada,0.47768,32.8598
2003,12,Canada,-3.8106,25.1409
2004,1,Canada,-11.77288,10.8088
2004,2,Canada,-5.90316,21.3743
2004,3,Canada,-0.06676,31.8798
2004,4,Canada,5.63224,42.138
2004,5,Canada,10.88584,51.5945
2004,6,Canada,15.1044,59.1879
2004,7,Canada,18.54552,65.3819
2004,8,Canada,17.1506,62.8711
2004,9,Canada,14.3466,57.8239
2004,10,Canada,7.63012,45.7342
2004,11,Canada,2.09324,35.7678
2004,12,Canada,-5.65532,21.8204
2005,1,Canada,-9.58456,14.7478
2005,2,Canada,-5.59556,21.928
2005,3,Canada,-2.23252,27.9815
2005,4,Canada,6.21728,43.1911
2005,5,Canada,10.55808,51.0045
2005,6,Canada,17.61644,63.7096
2005,7,Canada,19.52112,67.138
2005,8,Canada,18.72548,65.7059
2005,9,Canada,14.94384,58.8989
2005,10,Canada,8.58508,47.4531
2005,11,Canada,2.09208,35.7657
2005,12,Canada,-5.06716,22.8791
2006,1,Canada,-2.82764,26.9102
2006,2,Canada,-6.37736,20.5208
2006,3,Canada,-1.42116,29.4419
2006,4,Canada,6.79092,44.2237
2006,5,Canada,12.39324,54.3078
2006,6,Canada,16.81972,62.2755
2006,7,Canada,20.20152,68.3627
2006,8,Canada,18.00972,64.4175
2006,9,Canada,13.60952,56.4971
2006,10,Canada,6.4396,43.5913
2006,11,Canada,1.5828,34.849
2006,12,Canada,-2.00524,28.3906
2007,1,Canada,-6.317,20.6294
2007,2,Canada,-9.41952,15.0449
2007,3,Canada,-1.15968,29.9126
2007,4,Canada,4.43352,39.9803
2007,5,Canada,11.86944,53.365
2007,6,Canada,16.61768,61.9118
2007,7,Canada,18.97444,66.154
2007,8,Canada,17.9302,64.2744
2007,9,Canada,14.38644,57.8956
2007,10,Canada,9.67016,49.4063
2007,11,Canada,0.3772,32.679
2007,12,Canada,-6.19804,20.8435
2008,1,Canada,-6.46404,20.3647
2008,2,Canada,-7.23388,18.979
2008,3,Canada,-3.18304,26.2705
2008,4,Canada,5.67988,42.2238
2008,5,Canada,10.3256,50.5861
2008,6,Canada,16.2068,61.1722
2008,7,Canada,18.69396,65.6491
2008,8,Canada,17.7984,64.0371
2008,9,Canada,14.09076,57.3634
2008,10,Canada,7.1474,44.8653
2008,11,Canada,1.70536,35.0696
2008,12,Canada,-7.55604,18.3991
2009,1,Canada,-10.7324,12.6817
2009,2,Canada,-6.58244,20.1516
2009,3,Canada,-2.45696,27.5775
2009,4,Canada,5.4268,41.7682
2009,5,Canada,10.71316,51.2837
2009,6,Canada,15.4512,59.8122
2009,7,Canada,17.47836,63.461
2009,8,Canada,18.09584,64.5725
2009,9,Canada,14.7908,58.6234
2009,10,Canada,5.77436,42.3938
2009,11,Canada,3.69156,38.6448
2009,12,Canada,-6.81556,19.732
2010,1,Canada,-6.25628,20.7387
2010,2,Canada,-5.1682,22.6972
2010,3,Canada,1.98712,35.5768
2010,4,Canada,7.5824,45.6483
2010,5,Canada,12.18048,53.9249
2010,6,Canada,15.92396,60.6631
2010,7,Canada,19.67264,67.4108
2010,8,Canada,18.70068,65.6612
2010,9,Canada,13.7076,56.6737
2010,10,Canada,8.1098,46.5976
2010,11,Canada,0.89392,33.6091
2010,12,Canada,-6.0104,21.1813
2011,1,Canada,-8.82148,16.1213
2011,2,Canada,-7.63172,18.2629
2011,3,Canada,-3.00764,26.5862
2011,4,Canada,4.41888,39.954
2011,5,Canada,11.55548,52.7999
2011,6,Canada,15.87252,60.5705
2011,7,Canada,19.56964,67.2254
2011,8,Canada,18.6434,65.5581
2011,9,Canada,15.37076,59.6674
2011,10,Canada,8.3852,47.0934
2011,11,Canada,2.77424,36.9936
2011,12,Canada,-2.35812,27.7554
2012,1,Canada,-5.46892,22.1559
2012,2,Canada,-3.79624,25.1668
2012,3,Canada,2.81316,37.0637
2012,4,Canada,5.412,41.7416
2012,5,Canada,12.8592,55.1466
2012,6,Canada,16.46884,61.6439
2012,7,Canada,20.0602,68.1084
2012,8,Canada,19.0754,66.3357
2012,9,Canada,14.33468,57.8024
2012,10,Canada,7.62528,45.7255
2012,11,Canada,0.1764,32.3175
2012,12,Canada,-4.30568,24.2498
2013,1,Canada,-6.95268,19.4852
2013,2,Canada,-5.84096,21.4863
2013,3,Canada,-2.119,28.1858
2013,4,Canada,3.74128,38.7343
2013,5,Canada,12.73644,54.9256
2013,6,Canada,15.99184,60.7853
2013,7,Canada,19.2808,66.7054
2013,8,Canada,18.1648,64.6966
2013,9,Canada,14.71324,58.4838
